{"_wandb":{"runtime":49},"accuracy":0,"_timestamp":1.7419628580634732e+09,"_runtime":49.791487592,"_step":0}